"Index","Value"
2017-08-01 00:00:00,99.405974875
2017-08-01 00:30:00,99.43321055
2017-08-01 01:00:00,99.49451575
2017-08-01 01:30:00,99.5754261
2017-08-01 02:00:00,99.671454425
2017-08-01 02:30:00,99.793886225
2017-08-01 03:00:00,99.9267716
2017-08-01 03:30:00,100.068228575
2017-08-01 04:00:00,100.17829045
2017-08-01 04:30:00,100.255692075
2017-08-01 05:00:00,100.29330815
2017-08-01 05:30:00,100.292439975
2017-08-01 06:00:00,100.26918355
2017-08-01 06:30:00,100.22946955
2017-08-01 07:00:00,100.1936626
2017-08-01 07:30:00,100.130474925
2017-08-01 08:00:00,100.019797475
2017-08-01 08:30:00,99.9022856
2017-08-01 09:00:00,99.7895827
2017-08-01 09:30:00,99.714061075
2017-08-01 10:00:00,99.643242975
2017-08-01 10:30:00,99.609859575
2017-08-01 11:00:00,99.582443025
2017-08-01 11:30:00,99.550252875
2017-08-01 12:00:00,99.563273475
2017-08-01 12:30:00,99.61126965
2017-08-01 13:00:00,99.6728979638889
2017-08-01 13:30:00,99.769364225
2017-08-01 14:00:00,99.8758823
2017-08-01 14:30:00,100.017953175
2017-08-01 15:00:00,100.17243045
2017-08-01 15:30:00,100.3108859
2017-08-01 16:00:00,100.419827175
2017-08-01 16:30:00,100.51137125
2017-08-01 17:00:00,100.5883392
2017-08-01 17:30:00,100.628557425
2017-08-01 18:00:00,100.635285575
2017-08-01 18:30:00,100.6130058
2017-08-01 19:00:00,100.5667087
2017-08-01 19:30:00,100.484606175
2017-08-01 20:00:00,100.37266235
2017-08-01 20:30:00,100.247011975
2017-08-01 21:00:00,100.102408275
2017-08-01 21:30:00,99.9512214
2017-08-01 22:00:00,99.8096926
2017-08-01 22:30:00,99.7001718
2017-08-01 23:00:00,99.599948275
2017-08-01 23:30:00,99.49505755
2017-08-02 00:00:00,99.41165295
2017-08-02 00:30:00,99.356025325
2017-08-02 01:00:00,99.326222525
2017-08-02 01:30:00,99.3367826
2017-08-02 02:00:00,99.365103375
2017-08-02 02:30:00,99.431256525
2017-08-02 03:00:00,99.513685575
2017-08-02 03:30:00,99.6291727
2017-08-02 04:00:00,99.77327045
2017-08-02 04:30:00,99.90369555
2017-08-02 05:00:00,100.0203768
2017-08-02 05:30:00,100.1185753
2017-08-02 06:00:00,100.184403625
2017-08-02 06:30:00,100.231096675
2017-08-02 07:00:00,100.26900255
2017-08-02 07:30:00,100.279274725
2017-08-02 08:00:00,100.271101175
2017-08-02 08:30:00,100.243574875
2017-08-02 09:00:00,100.19474715
2017-08-02 09:30:00,100.127761875
2017-08-02 10:00:00,100.0290576
2017-08-02 10:30:00,99.9384539
2017-08-02 11:00:00,99.8742546
2017-08-02 11:30:00,99.819132825
2017-08-02 12:00:00,99.781227475
2017-08-02 12:30:00,99.755873325
2017-08-02 13:00:00,99.738801225
2017-08-02 13:30:00,99.737209925
2017-08-02 14:00:00,99.7617327
2017-08-02 14:30:00,99.82119435
2017-08-02 15:00:00,99.924999675
2017-08-02 15:30:00,100.04591245
2017-08-02 16:00:00,100.1624487
2017-08-02 16:30:00,100.2802873
2017-08-02 17:00:00,100.374723425
2017-08-02 17:30:00,100.451981025
2017-08-02 18:00:00,100.517411325
2017-08-02 18:30:00,100.561538225
2017-08-02 19:00:00,100.57889855
2017-08-02 19:30:00,100.546635025
2017-08-02 20:00:00,100.481386675
2017-08-02 20:30:00,100.4005489
2017-08-02 21:00:00,100.3042674
2017-08-02 21:30:00,100.1901177
2017-08-02 22:00:00,100.0451164
2017-08-02 22:30:00,99.882248025
2017-08-02 23:00:00,99.7166297
2017-08-02 23:30:00,99.5462007
2017-08-03 00:00:00,99.38980755
2017-08-03 00:30:00,98.683968325
2017-08-03 01:00:00,98.6407113
2017-08-03 01:30:00,98.60790575
2017-08-03 02:00:00,98.588916775
2017-08-03 02:30:00,98.574412625
2017-08-03 03:00:00,98.049999
2017-08-03 03:30:00,98.049999
2017-08-03 04:00:00,98.049999
2017-08-03 04:30:00,98.049999
2017-08-03 05:00:00,99.4833982916667
2017-08-03 05:30:00,99.59841965625
2017-08-03 06:00:00,99.7539921
2017-08-03 06:30:00,99.8524801
2017-08-03 07:00:00,99.9612412
2017-08-03 07:30:00,100.043126975
2017-08-03 08:00:00,100.09408905
2017-08-03 08:30:00,100.14385855
2017-08-03 09:00:00,100.1852718
2017-08-03 09:30:00,100.20675445
2017-08-03 10:00:00,100.217569675
2017-08-03 10:30:00,100.17688055
2017-08-03 11:00:00,100.131452
2017-08-03 11:30:00,100.065805625
2017-08-03 12:00:00,100.00854955
2017-08-03 12:30:00,99.94793055
2017-08-03 13:00:00,99.88629855
2017-08-03 13:30:00,99.846260225
2017-08-03 14:00:00,99.84372825
2017-08-03 14:30:00,99.842209
2017-08-03 15:00:00,99.846042875
2017-08-03 15:30:00,99.891072375
2017-08-03 16:00:00,99.9677149
2017-08-03 16:30:00,100.066564425
2017-08-03 17:00:00,100.16555985
2017-08-03 17:30:00,100.269943025
2017-08-03 18:00:00,100.3731693
2017-08-03 18:30:00,100.467606175
2017-08-03 19:00:00,100.5437422
2017-08-03 19:30:00,100.6053018
2017-08-03 20:00:00,100.639373525
2017-08-03 20:30:00,100.621974575
2017-08-03 21:00:00,100.563779925
2017-08-03 21:30:00,100.475816325
2017-08-03 22:00:00,100.358737
2017-08-03 22:30:00,100.224514025
2017-08-03 23:00:00,100.050578675
2017-08-03 23:30:00,99.8286089
2017-08-04 00:00:00,99.62986
2017-08-04 00:30:00,99.4307865
2017-08-04 01:00:00,99.26086475
2017-08-04 01:30:00,99.13807095
2017-08-04 02:00:00,99.023414975
2017-08-04 02:30:00,98.049999
2017-08-04 03:00:00,98.049999
2017-08-04 03:30:00,98.049999
2017-08-04 04:00:00,98.049999
2017-08-04 04:30:00,99.0972865666667
2017-08-04 05:00:00,99.190696975
2017-08-04 05:30:00,99.3301281
2017-08-04 06:00:00,99.47057245
2017-08-04 06:30:00,99.6093161
2017-08-04 07:00:00,99.7488926
2017-08-04 07:30:00,99.883079
2017-08-04 08:00:00,99.999217775
2017-08-04 08:30:00,100.128196675
2017-08-04 09:00:00,100.244262525
2017-08-04 09:30:00,100.314032175
2017-08-04 10:00:00,100.358556325
2017-08-04 10:30:00,100.369045375
2017-08-04 11:00:00,100.351479658333
2017-08-04 11:30:00,100.2901253
2017-08-04 12:00:00,100.205526725
2017-08-04 12:30:00,100.110907975
2017-08-04 13:00:00,100.00229335
2017-08-04 13:30:00,99.89411185
2017-08-04 14:00:00,99.80817295
2017-08-04 14:30:00,99.764155475
2017-08-04 15:00:00,99.7527443202614
2017-08-04 15:30:00,99.7448484052287
2017-08-04 16:00:00,99.76672345
2017-08-04 16:30:00,99.824883225
2017-08-04 17:00:00,99.91002535
2017-08-04 17:30:00,100.01762825
2017-08-04 18:00:00,100.106820925
2017-08-04 18:30:00,100.24860265
2017-08-04 19:00:00,100.379064625
2017-08-04 19:30:00,100.50308815
2017-08-04 20:00:00,100.59437845
2017-08-04 20:30:00,100.65995325
2017-08-04 21:00:00,100.6933374
2017-08-04 21:30:00,100.682558525
2017-08-04 22:00:00,100.63101825
2017-08-04 22:30:00,100.53864255
2017-08-04 23:00:00,100.4004773
2017-08-04 23:30:00,100.2255632
2017-08-05 00:00:00,100.010610575
2017-08-05 00:30:00,99.778840675
2017-08-05 01:00:00,99.540776075
2017-08-05 01:30:00,99.34452325
2017-08-05 02:00:00,99.170189125
2017-08-05 02:30:00,99.01625335
2017-08-05 03:00:00,98.8950877
2017-08-05 03:30:00,98.847236875
2017-08-05 04:00:00,98.841666
2017-08-05 04:30:00,98.868792675
2017-08-05 05:00:00,98.9278206
2017-08-05 05:30:00,99.05936695
2017-08-05 06:00:00,99.200173025
2017-08-05 06:30:00,99.3702393
2017-08-05 07:00:00,99.545260425
2017-08-05 07:30:00,99.7289288802469
2017-08-05 08:00:00,99.9110661527778
2017-08-05 08:30:00,100.091376425
2017-08-05 09:00:00,100.240320525
2017-08-05 09:30:00,100.364777875
2017-08-05 10:00:00,100.45480255
2017-08-05 10:30:00,100.501785725
2017-08-05 11:00:00,100.509092075
2017-08-05 11:30:00,100.4906468
2017-08-05 12:00:00,100.44731525
2017-08-05 12:30:00,100.358957877778
2017-08-05 13:00:00,100.2416233
2017-08-05 13:30:00,100.11155945
2017-08-05 14:00:00,99.97679295
2017-08-05 14:30:00,99.8668032
2017-08-05 15:00:00,99.799419575
2017-08-05 15:30:00,99.768532425
2017-08-05 16:00:00,99.765095975
2017-08-05 16:30:00,99.78893155
2017-08-05 17:00:00,99.83555295
2017-08-05 17:30:00,99.90474395
2017-08-05 18:00:00,100.006525125
2017-08-05 18:30:00,100.131090225
2017-08-05 19:00:00,100.270666125
2017-08-05 19:30:00,100.410495425
2017-08-05 20:00:00,100.557992
2017-08-05 20:30:00,100.6865721
2017-08-05 21:00:00,100.78701505
2017-08-05 21:30:00,100.84347455
2017-08-05 22:00:00,100.857074175
2017-08-05 22:30:00,100.826113
2017-08-05 23:00:00,100.727190175
2017-08-05 23:30:00,100.584323175
2017-08-06 00:00:00,100.409192825
2017-08-06 00:30:00,100.1965912
2017-08-06 01:00:00,99.938236975
2017-08-06 01:30:00,99.67691675
2017-08-06 02:00:00,99.4266624
2017-08-06 02:30:00,99.2290816919192
2017-08-06 03:00:00,99.073942575
2017-08-06 03:30:00,98.903731675
2017-08-06 04:00:00,98.82408715
2017-08-06 04:30:00,98.7848087
2017-08-06 05:00:00,98.793561275
2017-08-06 05:30:00,98.849876125
2017-08-06 06:00:00,98.96814925
2017-08-06 06:30:00,99.1513805
2017-08-06 07:00:00,99.310995125
2017-08-06 07:30:00,99.493576025
2017-08-06 08:00:00,99.702451275
2017-08-06 08:30:00,99.903008575
2017-08-06 09:00:00,100.11730965
2017-08-06 09:30:00,100.3397848
2017-08-06 10:00:00,100.49733715
2017-08-06 10:30:00,100.612390325
2017-08-06 11:00:00,100.6681627
2017-08-06 11:30:00,100.68780355
2017-08-06 12:00:00,100.6751438
2017-08-06 12:30:00,100.603854975
2017-08-06 13:00:00,100.498819875
2017-08-06 13:30:00,100.3626636
2017-08-06 14:00:00,100.21406175
2017-08-06 14:30:00,100.05802865
2017-08-06 15:00:00,99.91823625
2017-08-06 15:30:00,99.792006675
2017-08-06 16:00:00,99.725418225
2017-08-06 16:30:00,99.705706475
2017-08-06 17:00:00,99.7095039
2017-08-06 17:30:00,99.73818495
2017-08-06 18:00:00,99.821736675
2017-08-06 18:30:00,99.936247825
2017-08-06 19:00:00,100.071375025
2017-08-06 19:30:00,100.24433515
2017-08-06 20:00:00,100.432812225
2017-08-06 20:30:00,100.6034205
2017-08-06 21:00:00,100.757103525
2017-08-06 21:30:00,100.8707107
2017-08-06 22:00:00,100.946845975
2017-08-06 22:30:00,100.982761575
2017-08-06 23:00:00,100.97335715
2017-08-06 23:30:00,100.88770885
2017-08-07 00:00:00,100.744950825
2017-08-07 00:30:00,100.55263915
2017-08-07 01:00:00,100.32416065
2017-08-07 01:30:00,100.056437825
2017-08-07 02:00:00,99.7539921
2017-08-07 02:30:00,99.467171675
2017-08-07 03:00:00,99.2327612
2017-08-07 03:30:00,99.028695875
2017-08-07 04:00:00,98.860293075
2017-08-07 04:30:00,98.761913075
2017-08-07 05:00:00,98.711132025
2017-08-07 05:30:00,98.7129766
2017-08-07 06:00:00,98.819784025
2017-08-07 06:30:00,98.92832725
2017-08-07 07:00:00,99.115283825
2017-08-07 07:30:00,99.2958397
2017-08-07 08:00:00,99.49795305
2017-08-07 08:30:00,99.733592675
2017-08-07 09:00:00,99.962904425
2017-08-07 09:30:00,100.253087325
2017-08-07 10:00:00,100.488728275
2017-08-07 10:30:00,100.6586506
2017-08-07 11:00:00,100.767953725
2017-08-07 11:30:00,100.826944975
2017-08-07 12:00:00,100.8542891
2017-08-07 12:30:00,100.838844875
2017-08-07 13:00:00,100.7678458
2017-08-07 13:30:00,100.673844888889
2017-08-07 14:00:00,100.51198645
2017-08-07 14:30:00,100.32944075
2017-08-07 15:00:00,100.140674575
2017-08-07 15:30:00,99.95010055
2017-08-07 16:00:00,99.796996975
2017-08-07 16:30:00,99.72954225
2017-08-07 17:00:00,99.706467075
2017-08-07 17:30:00,99.707152875
2017-08-07 18:00:00,99.75311486875
2017-08-07 18:30:00,99.821049
2017-08-07 19:00:00,99.95859925
2017-08-07 19:30:00,100.118576125
2017-08-07 20:00:00,100.282963725
2017-08-07 20:30:00,100.44894295
2017-08-07 21:00:00,100.640927625
2017-08-07 21:30:00,100.8547224
2017-08-07 22:00:00,100.997010975
2017-08-07 22:30:00,101.0775603
2017-08-07 23:00:00,101.08754285
2017-08-07 23:30:00,101.04352435
2017-08-08 00:00:00,100.965255175
2017-08-08 00:30:00,100.83971265
2017-08-08 01:00:00,100.62190385
2017-08-08 01:30:00,100.3529143
2017-08-08 02:00:00,100.058824575
2017-08-08 02:30:00,99.749362575
2017-08-08 03:00:00,99.4576961
2017-08-08 03:30:00,99.1900824
2017-08-08 04:00:00,98.96695555
2017-08-08 04:30:00,98.8198555
2017-08-08 05:00:00,98.70802205
2017-08-08 05:30:00,98.6430259
2017-08-08 06:00:00,98.6299694
2017-08-08 06:30:00,98.6879835
2017-08-08 07:00:00,98.835805875
2017-08-08 07:30:00,98.994154675
2017-08-08 08:00:00,99.1918181
2017-08-08 08:30:00,99.414690975
2017-08-08 09:00:00,99.66754845
2017-08-08 09:30:00,99.94185375
2017-08-08 10:00:00,100.249001325
2017-08-08 10:30:00,100.52536865
2017-08-08 11:00:00,100.72748015
2017-08-08 11:30:00,100.85338435
2017-08-08 12:00:00,100.917114575
2017-08-08 12:30:00,100.935753802778
2017-08-08 13:00:00,100.907421125
2017-08-08 13:30:00,100.8224605
2017-08-08 14:00:00,100.686030825
2017-08-08 14:30:00,100.5200509
2017-08-08 15:00:00,100.315949475
2017-08-08 15:30:00,100.076040675
2017-08-08 16:00:00,99.860763375
2017-08-08 16:30:00,99.71681085
2017-08-08 17:00:00,99.619479375
2017-08-08 17:30:00,99.605663225
2017-08-08 18:00:00,99.616477575
2017-08-08 18:30:00,99.652104175
2017-08-08 19:00:00,99.735148075
2017-08-08 19:30:00,99.842750825
2017-08-08 20:00:00,99.999434625
2017-08-08 20:30:00,100.196845225
2017-08-08 21:00:00,100.4310392
2017-08-08 21:30:00,100.68074965
2017-08-08 22:00:00,100.9166082
2017-08-08 22:30:00,101.09007455
2017-08-08 23:00:00,101.2261063
2017-08-08 23:30:00,101.25515105
2017-08-09 00:00:00,101.176518025
2017-08-09 00:30:00,101.116115925
2017-08-09 01:00:00,100.952921475
2017-08-09 01:30:00,100.739090425
2017-08-09 02:00:00,100.481350025
2017-08-09 02:30:00,100.189322125
2017-08-09 03:00:00,99.829911225
2017-08-09 03:30:00,99.48507615
2017-08-09 04:00:00,99.1964113
2017-08-09 04:30:00,98.94948565
2017-08-09 05:00:00,98.776597675
2017-08-09 05:30:00,98.639083425
2017-08-09 06:00:00,98.562585825
2017-08-09 06:30:00,98.563055925
2017-08-09 07:00:00,98.604795425
2017-08-09 07:30:00,98.7117468
2017-08-09 08:00:00,98.8256073
2017-08-09 08:30:00,99.08971245
2017-08-09 09:00:00,99.306111275
2017-08-09 09:30:00,99.55701595
2017-08-09 10:00:00,99.8524803
2017-08-09 10:30:00,100.181762675
2017-08-09 11:00:00,100.449015425
2017-08-09 11:30:00,100.632464225
2017-08-09 12:00:00,100.769798325
2017-08-09 12:30:00,100.856278625
2017-08-09 13:00:00,100.862498425
2017-08-09 13:30:00,100.81258625
2017-08-09 14:00:00,100.72086185
2017-08-09 14:30:00,100.6072554
2017-08-09 15:00:00,100.442143225
2017-08-09 15:30:00,100.2315316
2017-08-09 16:00:00,99.989017875
2017-08-09 16:30:00,99.7436479
2017-08-09 17:00:00,99.537195175
2017-08-09 17:30:00,99.405432025
2017-08-09 18:00:00,99.36206575
2017-08-09 18:30:00,99.373386475
2017-08-09 19:00:00,99.430930675
2017-08-09 19:30:00,99.542512025
2017-08-09 20:00:00,99.68476545
2017-08-09 20:30:00,99.842208825
2017-08-09 21:00:00,100.04681635
2017-08-09 21:30:00,100.311428075
2017-08-09 22:00:00,100.5557859
2017-08-09 22:30:00,100.8299832
2017-08-09 23:00:00,101.0458399
2017-08-09 23:30:00,101.2004618
2017-08-10 00:00:00,101.260791875
2017-08-10 00:30:00,101.2315032875
2017-08-10 01:00:00,101.15666185
2017-08-10 01:30:00,101.01806225
2017-08-10 02:00:00,100.85689265
2017-08-10 02:30:00,100.613186775
2017-08-10 03:00:00,100.326873025
2017-08-10 03:30:00,99.9827247
2017-08-10 04:00:00,99.65792725
2017-08-10 04:30:00,99.3628245
2017-08-10 05:00:00,99.11593565
2017-08-10 05:30:00,98.87056485
2017-08-10 06:00:00,98.73840385
2017-08-10 06:30:00,98.650115575
2017-08-10 07:00:00,98.62277185
2017-08-10 07:30:00,98.657203875
2017-08-10 08:00:00,98.794392675
2017-08-10 08:30:00,98.947460325
2017-08-10 09:00:00,99.161435725
2017-08-10 09:30:00,99.38405595
2017-08-10 10:00:00,99.6656675
2017-08-10 10:30:00,99.96507455
2017-08-10 11:00:00,100.270123025
2017-08-10 11:30:00,100.573327975
2017-08-10 12:00:00,100.8007585
2017-08-10 12:30:00,100.93476465
2017-08-10 13:00:00,100.991080075
2017-08-10 13:30:00,100.99104405
2017-08-10 14:00:00,100.93805585
2017-08-10 14:30:00,100.846548875
2017-08-10 15:00:00,100.689792525
2017-08-10 15:30:00,100.5058359
2017-08-10 16:00:00,100.2816618
2017-08-10 16:30:00,100.0141918
2017-08-10 17:00:00,99.77822535
2017-08-10 17:30:00,99.5843955
2017-08-10 18:00:00,99.44847235
2017-08-10 18:30:00,99.3665136
2017-08-10 19:00:00,99.340471575
2017-08-10 19:30:00,99.3618843
2017-08-10 20:00:00,99.44022615
2017-08-10 20:30:00,99.5692053
2017-08-10 21:00:00,99.755439
2017-08-10 21:30:00,99.975745
2017-08-10 22:00:00,100.2470834
2017-08-10 22:30:00,100.50804265
2017-08-10 23:00:00,100.794646275
2017-08-10 23:30:00,101.027719
2017-08-11 00:00:00,101.2195225
2017-08-11 00:30:00,101.28513305
2017-08-11 01:00:00,98.049999
2017-08-11 01:30:00,98.049999
2017-08-11 02:00:00,101.077884975
2017-08-11 02:30:00,100.9190319
2017-08-11 03:00:00,100.710336125
2017-08-11 03:30:00,100.441275775
2017-08-11 04:00:00,100.1347068
2017-08-11 04:30:00,99.789980475
2017-08-11 05:00:00,99.471549025
2017-08-11 05:30:00,99.2117466
2017-08-11 06:00:00,98.987788725
2017-08-11 06:30:00,98.8407978
2017-08-11 07:00:00,98.74769865
2017-08-11 07:30:00,98.7068645
2017-08-11 08:00:00,98.73883795
2017-08-11 08:30:00,98.839459975
2017-08-11 09:00:00,98.97306785
2017-08-11 09:30:00,99.184223
2017-08-11 10:00:00,99.40814425
2017-08-11 10:30:00,99.666535575
2017-08-11 11:00:00,99.96872715
2017-08-11 11:30:00,100.3358792
2017-08-11 12:00:00,100.650874225
2017-08-11 12:30:00,100.8641634
2017-08-11 13:00:00,100.971295725
2017-08-11 13:30:00,101.03368675
2017-08-11 14:00:00,101.0235228
2017-08-11 14:30:00,100.95527305
2017-08-11 15:00:00,100.868937275
2017-08-11 15:30:00,100.7424904
2017-08-11 16:00:00,100.564104925
2017-08-11 16:30:00,100.338845075
2017-08-11 17:00:00,100.073508725
2017-08-11 17:30:00,99.781227675
2017-08-11 18:00:00,99.55310975
2017-08-11 18:30:00,99.39812495
2017-08-11 19:00:00,99.323038575
2017-08-11 19:30:00,99.289474575
2017-08-11 20:00:00,99.2980098
2017-08-11 20:30:00,99.356025
2017-08-11 21:00:00,99.4706444
2017-08-11 21:30:00,99.641325375
2017-08-11 22:00:00,99.85544625
2017-08-11 22:30:00,100.103167725
2017-08-11 23:00:00,100.3901321
2017-08-11 23:30:00,100.688562825
2017-08-12 00:00:00,100.974514225
2017-08-12 00:30:00,101.16845215
2017-08-12 01:00:00,101.282095625
2017-08-12 01:30:00,101.3073412
2017-08-12 02:00:00,101.2656026
2017-08-12 02:30:00,101.1126079
2017-08-12 03:00:00,100.979217325
2017-08-12 03:30:00,100.81569615
2017-08-12 04:00:00,100.540125625
2017-08-12 04:30:00,100.2579346
2017-08-12 05:00:00,99.9454712
2017-08-12 05:30:00,99.65203175
2017-08-12 06:00:00,99.374869125
2017-08-12 06:30:00,99.1390821
2017-08-12 07:00:00,98.97715515
2017-08-12 07:30:00,98.8649951
2017-08-12 08:00:00,98.8277048
2017-08-12 08:30:00,98.83251555
2017-08-12 09:00:00,98.879933025
2017-08-12 09:30:00,99.02272775
2017-08-12 10:00:00,99.21543605
2017-08-12 10:30:00,99.4166804
2017-08-12 11:00:00,99.66378715
2017-08-12 11:30:00,99.97321245
2017-08-12 12:00:00,100.29222295
2017-08-12 12:30:00,100.56772325
2017-08-12 13:00:00,100.7813001
2017-08-12 13:30:00,100.8878897
2017-08-12 14:00:00,100.933969075
2017-08-12 14:30:00,100.9213097
2017-08-12 15:00:00,100.8789925
2017-08-12 15:30:00,100.801337275
2017-08-12 16:00:00,100.666970275
2017-08-12 16:30:00,100.480121275
2017-08-12 17:00:00,100.254679625
2017-08-12 17:30:00,99.981929025
2017-08-12 18:00:00,99.713193875
2017-08-12 18:30:00,99.479903425
2017-08-12 19:00:00,99.3194221
2017-08-12 19:30:00,99.21366365
2017-08-12 20:00:00,99.16266575
2017-08-12 20:30:00,99.17062325
2017-08-12 21:00:00,99.218328975
2017-08-12 21:30:00,99.3219177
2017-08-12 22:00:00,99.46963235
2017-08-12 22:30:00,99.66548635
2017-08-12 23:00:00,99.9030809
2017-08-12 23:30:00,100.18896095
2017-08-13 00:00:00,100.4844969
2017-08-13 00:30:00,100.7837602
2017-08-13 01:00:00,100.9787456
2017-08-13 01:30:00,101.09402905
2017-08-13 02:00:00,101.138961235165
2017-08-13 02:30:00,101.125230175
2017-08-13 03:00:00,101.06088535
2017-08-13 03:30:00,100.944566625
2017-08-13 04:00:00,100.8113922
2017-08-13 04:30:00,100.582984725
2017-08-13 05:00:00,100.31710625
2017-08-13 05:30:00,100.02764675
2017-08-13 06:00:00,99.728782575
2017-08-13 06:30:00,99.460516625
2017-08-13 07:00:00,99.2282758
2017-08-13 07:30:00,99.06616745
2017-08-13 08:00:00,98.92253975
2017-08-13 08:30:00,98.853565375
2017-08-13 09:00:00,98.833528
2017-08-13 09:30:00,98.877653775
2017-08-13 10:00:00,99.0051857
2017-08-13 10:30:00,99.171057075
2017-08-13 11:00:00,99.3739285
2017-08-13 11:30:00,99.64009605
2017-08-13 12:00:00,99.953066475
2017-08-13 12:30:00,100.25666925
2017-08-13 13:00:00,100.52410185
2017-08-13 13:30:00,100.7392716
2017-08-13 14:00:00,100.861646919444
2017-08-13 14:30:00,100.900862358333
2017-08-13 15:00:00,100.8944369
2017-08-13 15:30:00,100.86857585
2017-08-13 16:00:00,100.77840675
2017-08-13 16:30:00,100.63807015
2017-08-13 17:00:00,100.46543615
2017-08-13 17:30:00,100.2458181
2017-08-13 18:00:00,99.978854375
2017-08-13 18:30:00,99.71699105
2017-08-13 19:00:00,99.47314055
2017-08-13 19:30:00,99.300722125
2017-08-13 20:00:00,99.17102035
2017-08-13 20:30:00,99.089893125
2017-08-13 21:00:00,99.06067
2017-08-13 21:30:00,99.080960175
2017-08-13 22:00:00,99.14859585
2017-08-13 22:30:00,99.258296775
2017-08-13 23:00:00,99.424166925
2017-08-13 23:30:00,99.63723885
2017-08-14 00:00:00,99.90702285
2017-08-14 00:30:00,100.211819325
2017-08-14 01:00:00,100.504643775
2017-08-14 01:30:00,100.7709555
2017-08-14 02:00:00,100.9252886
2017-08-14 02:30:00,100.97314055
2017-08-14 03:00:00,100.976106475
2017-08-14 03:30:00,100.942216275
2017-08-14 04:00:00,100.8639465
2017-08-14 04:30:00,100.74241775
2017-08-14 05:00:00,100.5877596
2017-08-14 05:30:00,100.375446675
2017-08-14 06:00:00,100.12700365
2017-08-14 06:30:00,99.8572948972222
2017-08-14 07:00:00,99.625881375
2017-08-14 07:30:00,99.41935625
2017-08-14 08:00:00,99.269905975
2017-08-14 08:30:00,99.1661018
2017-08-14 09:00:00,99.104613675
2017-08-14 09:30:00,99.072785125
2017-08-14 10:00:00,99.10399995
2017-08-14 10:30:00,99.180496675
2017-08-14 11:00:00,99.306726625
2017-08-14 11:30:00,99.45892475
2017-08-14 12:00:00,99.6967013
2017-08-14 12:30:00,99.981531075
2017-08-14 13:00:00,100.259200525
2017-08-14 13:30:00,100.48854775
2017-08-14 14:00:00,100.6719973
2017-08-14 14:30:00,100.819023875
2017-08-14 15:00:00,100.892301875
2017-08-14 15:30:00,100.914799675
2017-08-14 16:00:00,100.8867687
2017-08-14 16:30:00,100.826464946429
2017-08-14 17:00:00,100.6950005
2017-08-14 17:30:00,100.529708825
2017-08-14 18:00:00,100.330091075
2017-08-14 18:30:00,100.10819475
2017-08-14 19:00:00,99.858809975
2017-08-14 19:30:00,99.64132595
2017-08-14 20:00:00,99.436066775
2017-08-14 20:30:00,99.2804319
2017-08-14 21:00:00,99.176879675
2017-08-14 21:30:00,99.11387365
2017-08-14 22:00:00,99.09336665
2017-08-14 22:30:00,99.119226625
2017-08-14 23:00:00,99.201113325
2017-08-14 23:30:00,99.332370425
2017-08-15 00:00:00,99.5010622
2017-08-15 00:30:00,99.7162676
2017-08-15 01:00:00,99.9507879
2017-08-15 01:30:00,100.23406315
2017-08-15 02:00:00,100.469921625
2017-08-15 02:30:00,100.649717525
2017-08-15 03:00:00,100.769545175
2017-08-15 03:30:00,100.826149725
2017-08-15 04:00:00,100.8421726
2017-08-15 04:30:00,100.81851765
2017-08-15 05:00:00,100.743539825
2017-08-15 05:30:00,100.6321388
2017-08-15 06:00:00,100.501242625
2017-08-15 06:30:00,100.33804895
2017-08-15 07:00:00,100.138179625
2017-08-15 07:30:00,99.901380325
2017-08-15 08:00:00,99.694059925
2017-08-15 08:30:00,99.5433449
2017-08-15 09:00:00,99.42460195
2017-08-15 09:30:00,99.341918925
2017-08-15 10:00:00,99.29309135
2017-08-15 10:30:00,99.31504535
2017-08-15 11:00:00,99.358484875
2017-08-15 11:30:00,99.43581355
2017-08-15 12:00:00,99.58287725
2017-08-15 12:30:00,99.755366875
2017-08-15 13:00:00,99.9578049
2017-08-15 13:30:00,100.199486175
2017-08-15 14:00:00,100.4287243
2017-08-15 14:30:00,100.6232773
2017-08-15 15:00:00,100.774825575
2017-08-15 15:30:00,100.85985835
2017-08-15 16:00:00,100.889083725
2017-08-15 16:30:00,100.882717925
2017-08-15 17:00:00,100.83360075
2017-08-15 17:30:00,100.735509275
2017-08-15 18:00:00,100.583202475
2017-08-15 18:30:00,100.39349535
2017-08-15 19:00:00,100.179882625
2017-08-15 19:30:00,99.93747695
2017-08-15 20:00:00,99.725527025
2017-08-15 20:30:00,99.50185855
2017-08-15 21:00:00,99.329151025
2017-08-15 21:30:00,99.188815675
2017-08-15 22:00:00,99.10016545
2017-08-15 22:30:00,99.022945275
2017-08-15 23:00:00,99.013938725
2017-08-15 23:30:00,99.06294785
2017-08-16 00:00:00,99.1523215
2017-08-16 00:30:00,99.28039625
2017-08-16 01:00:00,99.432739625
2017-08-16 01:30:00,99.62707615
2017-08-16 02:00:00,99.83667435
2017-08-16 02:30:00,100.068083825
2017-08-16 03:00:00,100.281625
2017-08-16 03:30:00,100.427170175
2017-08-16 04:00:00,100.535097875
2017-08-16 04:30:00,100.59209925
2017-08-16 05:00:00,100.619551475
2017-08-16 05:30:00,100.61550135
2017-08-16 06:00:00,100.58425205
2017-08-16 06:30:00,100.522113375
2017-08-16 07:00:00,100.4262293
2017-08-16 07:30:00,100.3034349
2017-08-16 08:00:00,100.158253075
2017-08-16 08:30:00,99.965183475
2017-08-16 09:00:00,99.786218625
2017-08-16 09:30:00,99.65695115
2017-08-16 10:00:00,99.55878885
2017-08-16 10:30:00,99.48243565
2017-08-16 11:00:00,99.445254375
2017-08-16 11:30:00,99.43707945
2017-08-16 12:00:00,99.4768654
2017-08-16 12:30:00,99.55810105
2017-08-16 13:00:00,99.668814125
2017-08-16 13:30:00,99.813526025
2017-08-16 14:00:00,99.998024725
2017-08-16 14:30:00,100.221006125
2017-08-16 15:00:00,100.401561825
2017-08-16 15:30:00,100.562549825
2017-08-16 16:00:00,100.674529325
2017-08-16 16:30:00,100.77833425
2017-08-16 17:00:00,100.825064525
2017-08-16 17:30:00,100.8078117
2017-08-16 18:00:00,100.750122075
2017-08-16 18:30:00,100.659808125
2017-08-16 19:00:00,100.5352783
2017-08-16 19:30:00,100.373639225
2017-08-16 20:00:00,100.19254095
2017-08-16 20:30:00,99.988982575
2017-08-16 21:00:00,99.769291475
2017-08-16 21:30:00,99.55188005
2017-08-16 22:00:00,99.36799645
2017-08-16 22:30:00,99.20255955
2017-08-16 23:00:00,99.09094145
2017-08-16 23:30:00,98.984388275
2017-08-17 00:00:00,98.9225045
2017-08-17 00:30:00,98.914365625
2017-08-17 01:00:00,98.980663575
2017-08-17 01:30:00,99.117924675
2017-08-17 02:00:00,99.233701275
2017-08-17 02:30:00,99.381596
2017-08-17 03:00:00,99.559186675
2017-08-17 03:30:00,99.773631725
2017-08-17 04:00:00,99.972054275
2017-08-17 04:30:00,100.1328264
2017-08-17 05:00:00,100.26191335
2017-08-17 05:30:00,100.3521909
2017-08-17 06:00:00,100.40847005
2017-08-17 06:30:00,100.44463925
2017-08-17 07:00:00,100.4724526
2017-08-17 07:30:00,100.494914925
2017-08-17 08:00:00,100.472741575
2017-08-17 08:30:00,100.406227775
2017-08-17 09:00:00,100.309620875
2017-08-17 09:30:00,100.201293125
2017-08-17 10:00:00,100.085553375
2017-08-17 10:30:00,99.953861875
2017-08-17 11:00:00,99.85056405
2017-08-17 11:30:00,99.790053
2017-08-17 12:00:00,99.761732575
2017-08-17 12:30:00,99.760575325
2017-08-17 13:00:00,99.770159725
2017-08-17 13:30:00,99.806111675
2017-08-17 14:00:00,99.9027912
2017-08-17 14:30:00,100.0349525
2017-08-17 15:00:00,100.177386075
2017-08-17 15:30:00,100.320218
2017-08-17 16:00:00,100.480445725
2017-08-17 16:30:00,100.59893655
2017-08-17 17:00:00,100.7007157
2017-08-17 17:30:00,100.799565125
2017-08-17 18:00:00,100.865609575
2017-08-17 18:30:00,100.89649765
2017-08-17 19:00:00,100.844884575
2017-08-17 19:30:00,100.776490325
2017-08-17 20:00:00,100.68273945
2017-08-17 20:30:00,100.52453635
2017-08-17 21:00:00,100.335806225
2017-08-17 21:30:00,100.130257725
2017-08-17 22:00:00,99.92604735
2017-08-17 22:30:00,99.71417005
2017-08-17 23:00:00,99.498639675
2017-08-17 23:30:00,99.31294785
2017-08-18 00:00:00,99.160604275
2017-08-18 00:30:00,99.041282625
2017-08-18 01:00:00,98.93852635
2017-08-18 01:30:00,98.9016345
2017-08-18 02:00:00,98.908614925
2017-08-18 02:30:00,99.013866375
2017-08-18 03:00:00,99.141507125
2017-08-18 03:30:00,99.267085625
2017-08-18 04:00:00,99.432161175
2017-08-18 04:30:00,99.635683425
2017-08-18 05:00:00,99.8174324
2017-08-18 05:30:00,99.963338275
2017-08-18 06:00:00,100.09412575
2017-08-18 06:30:00,100.249543175
2017-08-18 07:00:00,100.3769307
2017-08-18 07:30:00,100.480879825
2017-08-18 08:00:00,100.54663605
2017-08-18 08:30:00,100.597850175
2017-08-18 09:00:00,100.613584625
2017-08-18 09:30:00,100.58967695
2017-08-18 10:00:00,100.545261575
2017-08-18 10:30:00,100.45849145
2017-08-18 11:00:00,100.358846375
2017-08-18 11:30:00,100.258982775
2017-08-18 12:00:00,100.136587025
2017-08-18 12:30:00,100.022799625
2017-08-18 13:00:00,99.95219865
2017-08-18 13:30:00,99.925758225
2017-08-18 14:00:00,99.918958675
2017-08-18 14:30:00,99.9460501
2017-08-18 15:00:00,100.008368275
2017-08-18 15:30:00,100.085263675
2017-08-18 16:00:00,100.181437125
2017-08-18 16:30:00,100.305424175
2017-08-18 17:00:00,100.4508957
2017-08-18 17:30:00,100.6249049
2017-08-18 18:00:00,100.77431935
2017-08-18 18:30:00,100.8958467
2017-08-18 19:00:00,100.978348525
2017-08-18 19:30:00,101.010249575
2017-08-18 20:00:00,101.0008454
2017-08-18 20:30:00,100.963194575
2017-08-18 21:00:00,100.89468965
2017-08-18 21:30:00,100.764481
2017-08-18 22:00:00,100.5605963
2017-08-18 22:30:00,100.345572625
2017-08-18 23:00:00,100.1126442
2017-08-18 23:30:00,99.8407618
2017-08-19 00:00:00,99.579223975
2017-08-19 00:30:00,99.33551685
2017-08-19 01:00:00,99.1382874
2017-08-19 01:30:00,98.961638525
2017-08-19 02:00:00,98.8623187
2017-08-19 02:30:00,98.829115475
2017-08-19 03:00:00,98.82965675
2017-08-19 03:30:00,98.86868435
2017-08-19 04:00:00,98.951945525
2017-08-19 04:30:00,99.14237455
2017-08-19 05:00:00,99.326185775
2017-08-19 05:30:00,99.50703025
2017-08-19 06:00:00,99.699160225
2017-08-19 06:30:00,99.878558875
2017-08-19 07:00:00,100.0655155
2017-08-19 07:30:00,100.28690585
2017-08-19 08:00:00,100.471223675
2017-08-19 08:30:00,100.617779675
2017-08-19 09:00:00,100.741079925
2017-08-19 09:30:00,100.822894025
2017-08-19 10:00:00,100.844740675
2017-08-19 10:30:00,100.8111757
2017-08-19 11:00:00,100.7494354
2017-08-19 11:30:00,100.641398075
2017-08-19 12:00:00,100.5053663
2017-08-19 12:30:00,100.368720475
2017-08-19 13:00:00,100.227226975
2017-08-19 13:30:00,100.077125575
2017-08-19 14:00:00,99.96399005
2017-08-19 14:30:00,99.922286825
2017-08-19 15:00:00,99.8869139
2017-08-19 15:30:00,99.8672729
2017-08-19 16:00:00,99.9004042
2017-08-19 16:30:00,99.97072835
2017-08-19 17:00:00,100.07965745
2017-08-19 17:30:00,100.222995875
2017-08-19 18:00:00,100.369661475
2017-08-19 18:30:00,100.5275029
2017-08-19 19:00:00,100.68436675
2017-08-19 19:30:00,100.84358315
2017-08-19 20:00:00,100.95147485
2017-08-19 20:30:00,101.03028725
2017-08-19 21:00:00,101.042909375
2017-08-19 21:30:00,101.01885765
2017-08-19 22:00:00,100.9488707
2017-08-19 22:30:00,100.8163477
2017-08-19 23:00:00,100.608737575
2017-08-19 23:30:00,100.3734224
2017-08-20 00:00:00,100.100165375
2017-08-20 00:30:00,99.79406795
2017-08-20 01:00:00,99.499724625
2017-08-20 01:30:00,99.23391885
2017-08-20 02:00:00,98.979505875
2017-08-20 02:30:00,98.809330725
2017-08-20 03:00:00,98.677820425
2017-08-20 03:30:00,98.61296885
2017-08-20 04:00:00,98.6090623
2017-08-20 04:30:00,98.650476425
2017-08-20 05:00:00,98.7877382
2017-08-20 05:30:00,98.952705075
2017-08-20 06:00:00,99.1875505
2017-08-20 06:30:00,99.397836875
2017-08-20 07:00:00,99.628485675
2017-08-20 07:30:00,99.8783775
2017-08-20 08:00:00,100.139735075
2017-08-20 08:30:00,100.391000125
2017-08-20 09:00:00,100.618575525
2017-08-20 09:30:00,100.817396925
2017-08-20 10:00:00,100.92033335
2017-08-20 10:30:00,100.9668103
2017-08-20 11:00:00,100.972380625
2017-08-20 11:30:00,100.953210925
2017-08-20 12:00:00,100.886659175
2017-08-20 12:30:00,100.75862185
2017-08-20 13:00:00,100.578573075
2017-08-20 13:30:00,100.393386775
2017-08-20 14:00:00,100.19691735
2017-08-20 14:30:00,100.001495925
2017-08-20 15:00:00,99.848031875
2017-08-20 15:30:00,99.76061065
2017-08-20 16:00:00,99.7440086
2017-08-20 16:30:00,99.7633953
2017-08-20 17:00:00,99.81211505
2017-08-20 17:30:00,99.892230175
2017-08-20 18:00:00,100.035965475
2017-08-20 18:30:00,100.218437725
2017-08-20 19:00:00,100.413895925
2017-08-20 19:30:00,100.616418213889
2017-08-20 20:00:00,100.8370365
2017-08-20 20:30:00,101.030146625926
2017-08-20 21:00:00,101.16874255
2017-08-20 21:30:00,101.255801
2017-08-20 22:00:00,101.263758725
2017-08-20 22:30:00,101.2091435
2017-08-20 23:00:00,101.09817605
2017-08-20 23:30:00,100.94438565
2017-08-21 00:00:00,100.732145725
2017-08-21 00:30:00,100.439177075
2017-08-21 01:00:00,100.123242225
2017-08-21 01:30:00,99.776019675
2017-08-21 02:00:00,99.4452173
2017-08-21 02:30:00,99.163100275
2017-08-21 03:00:00,98.898415025
2017-08-21 03:30:00,98.716339625
2017-08-21 04:00:00,98.60841195
2017-08-21 04:30:00,98.55708805
2017-08-21 05:00:00,98.554845825
2017-08-21 05:30:00,98.628847625
2017-08-21 06:00:00,98.7904504
2017-08-21 06:30:00,98.9711505
2017-08-21 07:00:00,99.213555725
2017-08-21 07:30:00,99.447784975
2017-08-21 08:00:00,99.73475055
2017-08-21 08:30:00,100.026960425
2017-08-21 09:00:00,100.3375067
2017-08-21 09:30:00,100.61087145
2017-08-21 10:00:00,100.860654675
2017-08-21 10:30:00,101.0084312375
2017-08-21 11:00:00,101.08862815
2017-08-21 11:30:00,101.10146825
2017-08-21 12:00:00,101.07756055
2017-08-21 12:30:00,101.004317875
2017-08-21 13:00:00,100.902356875
2017-08-21 13:30:00,100.730229625
2017-08-21 14:00:00,100.515277225
2017-08-21 14:30:00,100.294830018518
2017-08-21 15:00:00,100.05166285
2017-08-21 15:30:00,99.842461425
2017-08-21 16:00:00,99.707370425
2017-08-21 16:30:00,99.6398788
2017-08-21 17:00:00,99.622337025
2017-08-21 17:30:00,99.639263125
2017-08-21 18:00:00,99.703826525
2017-08-21 18:30:00,99.826800375
2017-08-21 19:00:00,99.995347775
2017-08-21 19:30:00,100.202197775
2017-08-21 20:00:00,100.424601525
2017-08-21 20:30:00,100.672033475
2017-08-21 21:00:00,100.908795875
2017-08-21 21:30:00,101.119697
2017-08-21 22:00:00,101.28462735
2017-08-21 22:30:00,101.36181205
2017-08-21 23:00:00,101.357291775
2017-08-21 23:30:00,101.3011202
2017-08-22 00:00:00,101.1557205
2017-08-22 00:30:00,100.943662925
2017-08-22 01:00:00,100.67706065
2017-08-22 01:30:00,100.3803311
2017-08-22 02:00:00,100.03231295
2017-08-22 02:30:00,99.6672588
2017-08-22 03:00:00,99.324304975
2017-08-22 03:30:00,99.036617125
2017-08-22 04:00:00,98.782710425
2017-08-22 04:30:00,98.583021225
2017-08-22 05:00:00,98.492635475
2017-08-22 05:30:00,98.485185275
2017-08-22 06:00:00,98.52836995
2017-08-22 06:30:00,98.620094575
2017-08-22 07:00:00,98.8038702
2017-08-22 07:30:00,99.04265655
2017-08-22 08:00:00,99.285097625
2017-08-22 08:30:00,99.536363
2017-08-22 09:00:00,99.830960725
2017-08-22 09:30:00,100.1377814
2017-08-22 10:00:00,100.4827253
2017-08-22 10:30:00,100.74838545
2017-08-22 11:00:00,100.91635485
2017-08-22 11:30:00,101.014012
2017-08-22 12:00:00,101.05191575
2017-08-22 12:30:00,101.01802655
2017-08-22 13:00:00,100.9535369
2017-08-22 13:30:00,100.857616625
2017-08-22 14:00:00,100.693770525
2017-08-22 14:30:00,100.475020375
2017-08-22 15:00:00,100.216340225
2017-08-22 15:30:00,99.9259762
2017-08-22 16:00:00,99.670839775
2017-08-22 16:30:00,99.45784095
2017-08-22 17:00:00,45.1434142929293
2017-08-22 17:30:00,99.283035125
2017-08-22 18:00:00,99.30083065
2017-08-22 18:30:00,99.37103545
2017-08-22 19:00:00,99.496903575
2017-08-22 19:30:00,99.672467225
2017-08-22 20:00:00,99.867598625
2017-08-22 20:30:00,100.113584225
2017-08-22 21:00:00,100.3894466
2017-08-22 21:30:00,100.671056575
2017-08-22 22:00:00,100.9652559
2017-08-22 22:30:00,101.2229588
2017-08-22 23:00:00,101.3473811
2017-08-22 23:30:00,101.37269915
2017-08-23 00:00:00,101.29927535
2017-08-23 00:30:00,101.154455575
2017-08-23 01:00:00,100.980916325
2017-08-23 01:30:00,100.7636496
2017-08-23 02:00:00,100.473429725
2017-08-23 02:30:00,100.137636725
2017-08-23 03:00:00,99.752943775
2017-08-23 03:30:00,99.405323475
2017-08-23 04:00:00,99.115573875
2017-08-23 04:30:00,98.843039825
2017-08-23 05:00:00,98.62501365
2017-08-23 05:30:00,98.491405325
2017-08-23 06:00:00,98.437224975
2017-08-23 06:30:00,98.4474245
2017-08-23 07:00:00,98.51690425
2017-08-23 07:30:00,98.68418575
2017-08-23 08:00:00,98.889336075
2017-08-23 08:30:00,99.0938375
2017-08-23 09:00:00,99.371903275
2017-08-23 09:30:00,99.659120725
2017-08-23 10:00:00,99.9728149
2017-08-23 10:30:00,100.30914995
2017-08-23 11:00:00,100.60768945
2017-08-23 11:30:00,100.850889525
2017-08-23 12:00:00,100.971802075
2017-08-23 12:30:00,101.015819375
2017-08-23 13:00:00,100.999977725
2017-08-23 13:30:00,100.94959405
2017-08-23 14:00:00,100.853529725
2017-08-23 14:30:00,100.693191325
2017-08-23 15:00:00,100.4905012
2017-08-23 15:30:00,100.250808875
2017-08-23 16:00:00,99.967099375
2017-08-23 16:30:00,99.7042237
2017-08-23 17:00:00,99.498060175
2017-08-23 17:30:00,99.37852255
2017-08-23 18:00:00,99.30777585
2017-08-23 18:30:00,99.282565075
2017-08-23 19:00:00,99.33631285
2017-08-23 19:30:00,99.438706325
2017-08-23 20:00:00,99.5832018
2017-08-23 20:30:00,99.7746807
2017-08-23 21:00:00,100.0199791
2017-08-23 21:30:00,100.295477175
2017-08-23 22:00:00,100.580164025
2017-08-23 22:30:00,100.87306105
2017-08-23 23:00:00,101.12964305
2017-08-23 23:30:00,101.3193138
2017-08-24 00:00:00,101.40413065
2017-08-24 00:30:00,101.408071625
2017-08-24 01:00:00,101.34839265
2017-08-24 01:30:00,101.227878475
2017-08-24 02:00:00,101.02113605
2017-08-24 02:30:00,100.796382325
2017-08-24 03:00:00,100.4911888
2017-08-24 03:30:00,100.15485295
2017-08-24 04:00:00,99.7875927
2017-08-24 04:30:00,99.44952235
2017-08-24 05:00:00,99.169899525
2017-08-24 05:30:00,98.91009695
2017-08-24 06:00:00,98.745565425
2017-08-24 06:30:00,98.6377815
2017-08-24 07:00:00,98.613222675
2017-08-24 07:30:00,98.663678725
2017-08-24 08:00:00,98.80256705
2017-08-24 08:30:00,98.964387725
2017-08-24 09:00:00,99.20480255
2017-08-24 09:30:00,99.445723775
2017-08-24 10:00:00,99.7323271
2017-08-24 10:30:00,100.068554275
2017-08-24 11:00:00,100.43114765
2017-08-24 11:30:00,100.758011705556
2017-08-24 12:00:00,100.97939725
2017-08-24 12:30:00,101.08888085
2017-08-24 13:00:00,101.13369475
2017-08-24 13:30:00,101.106350275
2017-08-24 14:00:00,101.03585705
2017-08-24 14:30:00,100.9477129
2017-08-24 15:00:00,100.800613525
2017-08-24 15:30:00,100.550397075
2017-08-24 16:00:00,100.27337935
2017-08-24 16:30:00,99.974442425
2017-08-24 17:00:00,99.70599595
2017-08-24 17:30:00,99.47274275
2017-08-24 18:00:00,99.31229645
2017-08-24 18:30:00,99.223899475
2017-08-24 19:00:00,99.196374825
2017-08-24 19:30:00,99.1977853
2017-08-24 20:00:00,99.268894025
2017-08-24 20:30:00,99.41027915
2017-08-24 21:00:00,99.60953325
2017-08-24 21:30:00,99.8503828
2017-08-24 22:00:00,100.14407435
2017-08-24 22:30:00,100.4486532
2017-08-24 23:00:00,100.7771398
2017-08-24 23:30:00,101.061537075
2017-08-25 00:00:00,101.294465525
2017-08-25 00:30:00,101.406987075
2017-08-25 01:00:00,101.439430725
2017-08-25 01:30:00,101.393460425
2017-08-25 02:00:00,101.2884248
2017-08-25 02:30:00,101.1003821
2017-08-25 03:00:00,100.902140325
2017-08-25 03:30:00,100.63420115
2017-08-25 04:00:00,100.31334495
2017-08-25 04:30:00,99.96930615
2017-08-25 05:00:00,99.653985275
2017-08-25 05:30:00,99.37642495
2017-08-25 06:00:00,99.139987875
2017-08-25 06:30:00,98.92594
2017-08-25 07:00:00,98.834178875
2017-08-25 07:30:00,98.811102825
2017-08-25 08:00:00,98.857290975
2017-08-25 08:30:00,98.959070025
2017-08-25 09:00:00,99.137673425
2017-08-25 09:30:00,99.302459125
2017-08-25 10:00:00,99.50424535
2017-08-25 10:30:00,99.766977075
2017-08-25 11:00:00,100.069096075
2017-08-25 11:30:00,100.4026827
2017-08-25 12:00:00,100.6934458
2017-08-25 12:30:00,100.90901305
2017-08-25 13:00:00,101.037846
2017-08-25 13:30:00,101.096186425
2017-08-25 14:00:00,101.0920275
2017-08-25 14:30:00,101.038316175
2017-08-25 15:00:00,100.942427353125
2017-08-25 15:30:00,100.788787275
2017-08-25 16:00:00,100.559366975
2017-08-25 16:30:00,100.31808355
2017-08-25 17:00:00,100.020087075
2017-08-25 17:30:00,99.720571975
2017-08-25 18:00:00,99.460046825
2017-08-25 18:30:00,99.265710675
2017-08-25 19:00:00,99.1584332
2017-08-25 19:30:00,99.122192
2017-08-25 20:00:00,99.121468375
2017-08-25 20:30:00,99.181292425
2017-08-25 21:00:00,99.29139055
2017-08-25 21:30:00,99.450607475
2017-08-25 22:00:00,99.672502975
2017-08-25 22:30:00,99.920694425
2017-08-25 23:00:00,100.251678225
2017-08-25 23:30:00,100.585698475
2017-08-26 00:00:00,100.8893726
2017-08-26 00:30:00,101.09510175
2017-08-26 01:00:00,101.2454567
2017-08-26 01:30:00,101.306111975
2017-08-26 02:00:00,101.274138525
2017-08-26 02:30:00,101.1457384
2017-08-26 03:00:00,101.028116675
2017-08-26 03:30:00,100.870058625
2017-08-26 04:00:00,100.628702875
2017-08-26 04:30:00,100.360437
2017-08-26 05:00:00,100.05915035
2017-08-26 05:30:00,99.747916075
2017-08-26 06:00:00,99.46713505
2017-08-26 06:30:00,99.247264625
2017-08-26 07:00:00,99.087940775
2017-08-26 07:30:00,98.954368025
2017-08-26 08:00:00,98.9031892
2017-08-26 08:30:00,98.923624925
2017-08-26 09:00:00,99.0117735678571
2017-08-26 09:30:00,99.1525377
2017-08-26 10:00:00,99.326366
2017-08-26 10:30:00,99.53415715
2017-08-26 11:00:00,99.78307165
2017-08-26 11:30:00,100.069349225
2017-08-26 12:00:00,100.383079875
2017-08-26 12:30:00,100.664762875
2017-08-26 13:00:00,100.872120675
2017-08-26 13:30:00,100.969306475
2017-08-26 14:00:00,100.994914575
2017-08-26 14:30:00,100.975345625
2017-08-26 15:00:00,100.921671725
2017-08-26 15:30:00,100.824196175
2017-08-26 16:00:00,100.6534424
2017-08-26 16:30:00,100.45798475
2017-08-26 17:00:00,100.227335725
2017-08-26 17:30:00,99.941239
2017-08-26 18:00:00,99.6704065
2017-08-26 18:30:00,99.445543075
2017-08-26 19:00:00,99.283940525
2017-08-26 19:30:00,99.179701025
2017-08-26 20:00:00,99.120275875
2017-08-26 20:30:00,99.09832015
2017-08-26 21:00:00,99.12913675
2017-08-26 21:30:00,99.204296125
2017-08-26 22:00:00,99.316780325
2017-08-26 22:30:00,99.472669825
2017-08-26 23:00:00,99.70867155
2017-08-26 23:30:00,99.995311975
2017-08-27 00:00:00,100.316239175
2017-08-27 00:30:00,100.597995375
2017-08-27 01:00:00,100.8597142
2017-08-27 01:30:00,101.0111169
2017-08-27 02:00:00,101.07383485
2017-08-27 02:30:00,101.071483625
2017-08-27 03:00:00,101.0267786
2017-08-27 03:30:00,100.936537
2017-08-27 04:00:00,100.821772575
2017-08-27 04:30:00,100.63362255
2017-08-27 05:00:00,100.415197575
2017-08-27 05:30:00,100.1773135
2017-08-27 06:00:00,99.934150475
2017-08-27 06:30:00,99.7297953
2017-08-27 07:00:00,99.56226125
2017-08-27 07:30:00,99.430496475
2017-08-27 08:00:00,99.2986976
2017-08-27 08:30:00,99.214893925
2017-08-27 09:00:00,99.216448625
2017-08-27 09:30:00,99.2511713
2017-08-27 10:00:00,99.34220805
2017-08-27 10:30:00,99.452668175
2017-08-27 11:00:00,99.645955325
2017-08-27 11:30:00,99.873350575
2017-08-27 12:00:00,100.1518863
2017-08-27 12:30:00,100.428832375
2017-08-27 13:00:00,100.691239625
2017-08-27 13:30:00,100.857327275
2017-08-27 14:00:00,100.929302925
2017-08-27 14:30:00,100.964620285715
2017-08-27 15:00:00,100.9560331
2017-08-27 15:30:00,100.921599575
2017-08-27 16:00:00,100.846223
2017-08-27 16:30:00,100.7054891
2017-08-27 17:00:00,100.49274365
2017-08-27 17:30:00,100.2483854
2017-08-27 18:00:00,99.996505625
2017-08-27 18:30:00,99.7714258
2017-08-27 19:00:00,99.56855415
2017-08-27 19:30:00,99.392375
2017-08-27 20:00:00,99.2696176
2017-08-27 20:30:00,99.192938625
2017-08-27 21:00:00,99.15847055
2017-08-27 21:30:00,99.16320825
2017-08-27 22:00:00,99.213807975
2017-08-27 22:30:00,99.33888115
2017-08-27 23:00:00,99.494046025
2017-08-27 23:30:00,99.69102305
2017-08-28 00:00:00,99.9119415972222
2017-08-28 00:30:00,100.17677115
2017-08-28 01:00:00,100.436066625
2017-08-28 01:30:00,100.65644415
2017-08-28 02:00:00,100.821122
2017-08-28 02:30:00,100.8973302
2017-08-28 03:00:00,100.9198633
2017-08-28 03:30:00,100.890855175
2017-08-28 04:00:00,100.825101025
2017-08-28 04:30:00,100.705019925
2017-08-28 05:00:00,100.542403225
2017-08-28 05:30:00,100.364778
2017-08-28 06:00:00,100.18136525
2017-08-28 06:30:00,99.96579745
2017-08-28 07:00:00,99.767953725
2017-08-28 07:30:00,99.621361525
2017-08-28 08:00:00,99.52876775
2017-08-28 08:30:00,99.46775115
2017-08-28 09:00:00,99.4245655
2017-08-28 09:30:00,99.410097725
2017-08-28 10:00:00,99.44322775
2017-08-28 10:30:00,99.522402025
2017-08-28 11:00:00,99.64993415
2017-08-28 11:30:00,99.8117335305556
2017-08-28 12:00:00,100.0256208
2017-08-28 12:30:00,100.279852875
2017-08-28 13:00:00,100.5096352
2017-08-28 13:30:00,100.730193175
2017-08-28 14:00:00,100.897109152778
2017-08-28 14:30:00,100.98388235
2017-08-28 15:00:00,101.0284414
2017-08-28 15:30:00,101.03035925
2017-08-28 16:00:00,100.986993325
2017-08-28 16:30:00,100.903949
2017-08-28 17:00:00,100.764770725
2017-08-28 17:30:00,100.5756435
2017-08-28 18:00:00,100.36893745
2017-08-28 18:30:00,100.136407125
2017-08-28 19:00:00,99.887817175
2017-08-28 19:30:00,99.699159825
2017-08-28 20:00:00,99.526236075
2017-08-28 20:30:00,99.399644125
2017-08-28 21:00:00,99.3116811
2017-08-28 21:30:00,99.250954625
2017-08-28 22:00:00,99.2477708
2017-08-28 22:30:00,99.28574825
2017-08-28 23:00:00,99.36651475
2017-08-28 23:30:00,99.47896405
2017-08-29 00:00:00,99.657963475
2017-08-29 00:30:00,99.837470825
2017-08-29 01:00:00,100.065153725
2017-08-29 01:30:00,100.279708375
2017-08-29 02:00:00,100.459215175
2017-08-29 02:30:00,100.592896475
2017-08-29 03:00:00,100.695471025
2017-08-29 03:30:00,100.72892675
2017-08-29 04:00:00,100.70784045
2017-08-29 04:30:00,100.656625525
2017-08-29 05:00:00,100.598755
2017-08-29 05:30:00,100.512926175
2017-08-29 06:00:00,100.375628025
2017-08-29 06:30:00,100.2191618
2017-08-29 07:00:00,100.060777825
2017-08-29 07:30:00,99.9068428
2017-08-29 08:00:00,99.7733789
2017-08-29 08:30:00,99.6876946
2017-08-29 09:00:00,99.608375175
2017-08-29 09:30:00,99.58493805
2017-08-29 10:00:00,99.58378095
2017-08-29 10:30:00,99.6166949
2017-08-29 11:00:00,99.67955655
2017-08-29 11:30:00,99.79066815
2017-08-29 12:00:00,99.934728525
2017-08-29 12:30:00,100.108592775
2017-08-29 13:00:00,100.2920416
2017-08-29 13:30:00,100.47165695
2017-08-29 14:00:00,100.639192025
2017-08-29 14:30:00,100.76744765
2017-08-29 15:00:00,100.8500572
2017-08-29 15:30:00,100.902574
2017-08-29 16:00:00,100.91013335
2017-08-29 16:30:00,100.8663329
2017-08-29 17:00:00,100.7714987
2017-08-29 17:30:00,100.6383958
2017-08-29 18:00:00,100.49147705
2017-08-29 18:30:00,100.3173975
2017-08-29 19:00:00,100.118467
2017-08-29 19:30:00,99.9212184876543
2017-08-29 20:00:00,99.7559446
2017-08-29 20:30:00,99.612607975
2017-08-29 21:00:00,99.48674025
2017-08-29 21:30:00,99.39628155
2017-08-29 22:00:00,99.333165975
2017-08-29 22:30:00,99.27442825
2017-08-29 23:00:00,99.254463525
2017-08-29 23:30:00,99.302711725
2017-08-30 00:00:00,99.37219255
2017-08-30 00:30:00,99.47465975
2017-08-30 01:00:00,99.602299525
2017-08-30 01:30:00,99.743178
2017-08-30 02:00:00,99.882247775
2017-08-30 02:30:00,100.0178083
2017-08-30 03:00:00,100.14968095
2017-08-30 03:30:00,100.2210416
2017-08-30 04:00:00,100.280720675
2017-08-30 04:30:00,100.32397935
2017-08-30 05:00:00,100.348248625
2017-08-30 05:30:00,100.3305617
2017-08-30 06:00:00,100.2752234
2017-08-30 06:30:00,100.1945303
2017-08-30 07:00:00,100.10993085
2017-08-30 07:30:00,99.998783675
2017-08-30 08:00:00,99.88756395
2017-08-30 08:30:00,99.801011825
2017-08-30 09:00:00,99.744769375
2017-08-30 09:30:00,99.7057788
2017-08-30 10:00:00,99.706863575
2017-08-30 10:30:00,99.71916035
2017-08-30 11:00:00,99.7383464277778
2017-08-30 11:30:00,99.786435575
2017-08-30 12:00:00,99.859787025
2017-08-30 12:30:00,99.9585642
2017-08-30 13:00:00,100.07911535
2017-08-30 13:30:00,100.193878875
2017-08-30 14:00:00,100.317504725
2017-08-30 14:30:00,100.43827325
2017-08-30 15:00:00,100.544104075
2017-08-30 15:30:00,100.631922525
2017-08-30 16:00:00,100.69550745
2017-08-30 16:30:00,100.70523595
2017-08-30 17:00:00,100.700860675
2017-08-30 17:30:00,100.658253125
2017-08-30 18:00:00,100.579875
2017-08-30 18:30:00,100.481133225
2017-08-30 19:00:00,100.3673466
2017-08-30 19:30:00,100.237715625
2017-08-30 20:00:00,100.08309495
2017-08-30 20:30:00,99.905107
2017-08-30 21:00:00,99.753593775
2017-08-30 21:30:00,99.622192475
2017-08-30 22:00:00,99.50055645
2017-08-30 22:30:00,99.4141848
2017-08-30 23:00:00,99.353457425
2017-08-30 23:30:00,99.30792075
2017-08-31 00:00:00,99.29873325
2017-08-31 00:30:00,99.335625975
2017-08-31 01:00:00,99.39924735
2017-08-31 01:30:00,99.4763231
2017-08-31 02:00:00,99.580598625
2017-08-31 02:30:00,99.71026325
2017-08-31 03:00:00,99.821374225
2017-08-31 03:30:00,99.9331007
2017-08-31 04:00:00,100.0330358
2017-08-31 04:30:00,100.1192634
2017-08-31 05:00:00,100.1801351
2017-08-31 05:30:00,100.23634165
2017-08-31 06:00:00,100.28104645
2017-08-31 06:30:00,100.290197525
2017-08-31 07:00:00,100.28527835
2017-08-31 07:30:00,100.253521575
2017-08-31 08:00:00,100.22784215
2017-08-31 08:30:00,100.202342725
2017-08-31 09:00:00,100.15611995
2017-08-31 09:30:00,100.097669375
2017-08-31 10:00:00,100.0583532
2017-08-31 10:30:00,100.039582875
2017-08-31 11:00:00,100.03119125
2017-08-31 11:30:00,100.0319871
2017-08-31 12:00:00,100.046382125
2017-08-31 12:30:00,100.07332755
2017-08-31 13:00:00,100.1239287
2017-08-31 13:30:00,100.1736609
2017-08-31 14:00:00,100.239850133334
2017-08-31 14:30:00,100.3115736
2017-08-31 15:00:00,100.389951925
2017-08-31 15:30:00,100.473429375
2017-08-31 16:00:00,100.5517718
2017-08-31 16:30:00,100.6178518
2017-08-31 17:00:00,100.68219715
2017-08-31 17:30:00,100.714062175
2017-08-31 18:00:00,100.698364275
2017-08-31 18:30:00,100.67073185
2017-08-31 19:00:00,100.6223731
2017-08-31 19:30:00,100.56229685
2017-08-31 20:00:00,100.473465975
2017-08-31 20:30:00,100.360835225
2017-08-31 21:00:00,100.237789175
2017-08-31 21:30:00,100.104541925
2017-08-31 22:00:00,99.948761725
2017-08-31 22:30:00,99.8094387
2017-08-31 23:00:00,99.683896325
2017-08-31 23:30:00,99.564358425
2017-09-01 00:00:00,99.48091705
